Year,Life_expect,Income,Country
1900,31.4,1080,Brazil
1901,31.4,1060,Brazil
1902,31.3,1060,Brazil
1903,31.3,1060,Brazil
1904,31.3,1060,Brazil
1905,31.3,1140,Brazil
1906,31.3,1120,Brazil
1907,31.2,1090,Brazil
1908,31.2,1150,Brazil
1909,31.2,1140,Brazil
1910,31.2,1240,Brazil
1911,31.1,1200,Brazil
1912,31.1,1200,Brazil
1913,31.1,1160,Brazil
1914,31.1,1180,Brazil
1915,31.1,1190,Brazil
1916,31.1,1250,Brazil
1917,26.2,1200,Brazil
1918,31,1330,Brazil
1919,31,1430,Brazil
1920,31,1430,Brazil
1921,30.9,1500,Brazil
1922,30.9,1550,Brazil
1923,30.9,1520,Brazil
1924,30.9,1490,Brazil
1925,30.9,1490,Brazil
1926,30.9,1570,Brazil
1927,30.9,1720,Brazil
1928,30.8,1690,Brazil
1929,30.8,1550,Brazil
1930,31.2,1490,Brazil
1931,31.7,1510,Brazil
1932,32.1,1600,Brazil
1933,32.5,1690,Brazil
1934,32.9,1710,Brazil
1935,33.4,1830,Brazil
1936,33.8,1850,Brazil
1937,34.2,1890,Brazil
1938,34.6,1870,Brazil
1939,35.1,1850,Brazil
1940,36.1,1940,Brazil
1941,37.2,1820,Brazil
1942,38.2,2030,Brazil
1943,39.3,2050,Brazil
1944,40.3,2060,Brazil
1945,41.8,2220,Brazil
1946,43.2,2250,Brazil
1947,44.7,2410,Brazil
1948,46.1,2540,Brazil
1949,47.6,2570,Brazil
1950,48,2620,Brazil
1951,48.5,2730,Brazil
1952,49,2780,Brazil
1953,49.5,2910,Brazil
1954,49.9,3080,Brazil
1955,50.4,3070,Brazil
1956,50.9,3210,Brazil
1957,51.4,3460,Brazil
1958,51.9,3680,Brazil
1959,52.4,3910,Brazil
1960,53,4150,Brazil
1961,53.5,4320,Brazil
1962,54,4240,Brazil
1963,54.4,4280,Brazil
1964,54.8,4280,Brazil
1965,55.2,4450,Brazil
1966,55.6,4530,Brazil
1967,56.1,4860,Brazil
1968,56.5,5210,Brazil
1969,56.9,5630,Brazil
1970,57.5,6130,Brazil
1971,58,6720,Brazil
1972,58.6,7500,Brazil
1973,59.2,7950,Brazil
1974,59.8,8200,Brazil
1975,60.4,8860,Brazil
1976,61.1,9120,Brazil
1977,61.7,9390,Brazil
1978,62.3,9830,Brazil
1979,62.7,10.5k,Brazil
1980,63.3,9900,Brazil
1981,63.9,9790,Brazil
1982,64.1,9340,Brazil
1983,64.2,9690,Brazil
1984,64.6,10.3k,Brazil
1985,65.1,10.9k,Brazil
1986,65.7,11.1k,Brazil
1987,66.1,10.9k,Brazil
1988,66.7,11.1k,Brazil
1989,67.3,10.5k,Brazil
1990,67.9,10.5k,Brazil
1991,68.3,10.3k,Brazil
1992,68.4,10.6k,Brazil
1993,68.8,10.9k,Brazil
1994,69.2,11.3k,Brazil
1995,69.5,11.3k,Brazil
1996,70.1,11.5k,Brazil
1997,70.4,11.4k,Brazil
1998,70.8,11.3k,Brazil
1999,71.2,11.6k,Brazil
2000,71.5,11.6k,Brazil
2001,71.8,11.8k,Brazil
2002,72,11.8k,Brazil
2003,72.3,12.3k,Brazil
2004,72.8,12.6k,Brazil
2005,73.1,12.9k,Brazil
2006,73.3,13.6k,Brazil
2007,73.5,14.1k,Brazil
2008,73.7,14k,Brazil
2009,73.8,14.9k,Brazil
2010,74,15.3k,Brazil
2011,74.3,15.5k,Brazil
2012,74.5,15.8k,Brazil
2013,74.8,15.7k,Brazil
2014,75,15.1k,Brazil
2015,75,14.4k,Brazil
2016,75.4,14.5k,Brazil
2017,75.7,14.6k,Brazil
2018,75.8,14.7k,Brazil
2019,73.6,14k,Brazil
2020,76.3,14.4k,Brazil
1900,37.8,5280,Argentina
1901,38.4,4980,Argentina
1902,39,5490,Argentina
1903,39.6,5850,Argentina
1904,40.2,6380,Argentina
1905,41,6450,Argentina
1906,41.8,6340,Argentina
1907,42.6,6700,Argentina
1908,43.4,6780,Argentina
1909,44.2,7010,Argentina
1910,44.7,6870,Argentina
1911,45.3,7160,Argentina
1912,45.9,6960,Argentina
1913,46.4,6050,Argentina
1914,47,5950,Argentina
1915,47.8,5670,Argentina
1916,48.7,5120,Argentina
1917,42.5,5950,Argentina
1918,50.3,6060,Argentina
1919,51.2,6370,Argentina
1920,51.7,6360,Argentina
1921,52.2,6670,Argentina
1922,52.7,7150,Argentina
1923,53.2,7440,Argentina
1924,53.7,7190,Argentina
1925,54.1,7320,Argentina
1926,54.4,7620,Argentina
1927,54.8,7870,Argentina
1928,55.2,8010,Argentina
1929,55.5,7480,Argentina
1930,55.6,6810,Argentina
1931,55.6,6460,Argentina
1932,55.6,6640,Argentina
1933,55.6,7050,Argentina
1934,55.6,7240,Argentina
1935,56.6,7170,Argentina
1936,57.7,7560,Argentina
1937,58.7,7470,Argentina
1938,59.7,7610,Argentina
1939,60.7,7630,Argentina
1940,61.3,7890,Argentina
1941,61.9,7850,Argentina
1942,62.5,7670,Argentina
1943,63.2,8400,Argentina
1944,63.8,7990,Argentina
1945,63.7,8550,Argentina
1946,63.6,9330,Argentina
1947,63.5,9630,Argentina
1948,63.4,9250,Argentina
1949,63.3,9140,Argentina
1950,63.5,9300,Argentina
1951,64.2,8650,Argentina
1952,64.1,8940,Argentina
1953,64.7,9130,Argentina
1954,64.5,9600,Argentina
1955,65.2,9690,Argentina
1956,65.2,10k,Argentina
1957,65.4,10.4k,Argentina
1958,65.4,9610,Argentina
1959,65.3,10.2k,Argentina
1960,65.7,10.8k,Argentina
1961,65.8,10.5k,Argentina
1962,65.8,10.2k,Argentina
1963,65.8,11.2k,Argentina
1964,66.1,12.1k,Argentina
1965,66.6,12.1k,Argentina
1966,66.5,12.3k,Argentina
1967,66,12.7k,Argentina
1968,65.9,13.7k,Argentina
1969,66.1,14.3k,Argentina
1970,66.9,14.8k,Argentina
1971,67.3,15.1k,Argentina
1972,67.7,15.9k,Argentina
1973,67.9,16.7k,Argentina
1974,68,16.4k,Argentina
1975,67,16.2k,Argentina
1976,67.7,16.9k,Argentina
1977,69,16k,Argentina
1978,69.8,17k,Argentina
1979,70.2,17k,Argentina
1980,70.3,15.9k,Argentina
1981,70.9,15.2k,Argentina
1982,70.7,15.6k,Argentina
1983,70.8,15.8k,Argentina
1984,71.7,14.6k,Argentina
1985,72,15.5k,Argentina
1986,72.1,15.8k,Argentina
1987,72.1,15.3k,Argentina
1988,72.3,14.3k,Argentina
1989,72.5,14.1k,Argentina
1990,72.7,15.2k,Argentina
1991,72.8,16.2k,Argentina
1992,73,17.3k,Argentina
1993,73.4,18.1k,Argentina
1994,73.4,17.4k,Argentina
1995,73.5,18.1k,Argentina
1996,73.6,19.3k,Argentina
1997,73.7,19.9k,Argentina
1998,73.8,19k,Argentina
1999,74.2,18.6k,Argentina
2000,74.3,17.6k,Argentina
2001,74.3,15.5k,Argentina
2002,74.4,16.7k,Argentina
2003,74.9,18k,Argentina
2004,75.3,19.4k,Argentina
2005,75.4,20.8k,Argentina
2006,75.3,22.4k,Argentina
2007,75.7,23.1k,Argentina
2008,75.8,21.5k,Argentina
2009,75.9,23.5k,Argentina
2010,76,24.6k,Argentina
2011,76.2,24.1k,Argentina
2012,76.3,24.4k,Argentina
2013,76.5,23.6k,Argentina
2014,76.5,23.9k,Argentina
2015,76.2,23.2k,Argentina
2016,76.3,23.6k,Argentina
2017,76.5,22.8k,Argentina
2018,76.6,22.1k,Argentina
2019,74.6,19.7k,Argentina
2020,76.9,20.6k,Argentina
1900,33.5,1240,Colombia
1901,33.5,1240,Colombia
1902,33.6,1230,Colombia
1903,33.6,1230,Colombia
1904,33.6,1220,Colombia
1905,33.7,1230,Colombia
1906,33.7,1290,Colombia
1907,33.8,1330,Colombia
1908,33.8,1380,Colombia
1909,33.9,1430,Colombia
1910,33.9,1470,Colombia
1911,34,1520,Colombia
1912,34,1550,Colombia
1913,34.1,1580,Colombia
1914,34.1,1620,Colombia
1915,34.2,1670,Colombia
1916,34.2,1710,Colombia
1917,30.3,1770,Colombia
1918,34.3,1870,Colombia
1919,34.4,1960,Colombia
1920,34.4,2040,Colombia
1921,34.5,2130,Colombia
1922,34.5,2220,Colombia
1923,34.5,2300,Colombia
1924,34.6,2300,Colombia
1925,34.6,2460,Colombia
1926,34.7,2610,Colombia
1927,34.7,2730,Colombia
1928,34.8,2760,Colombia
1929,34.8,2700,Colombia
1930,35.5,2660,Colombia
1931,36.2,2770,Colombia
1932,36.9,2890,Colombia
1933,37.5,2800,Colombia
1934,38.2,3070,Colombia
1935,38.9,3200,Colombia
1936,39.6,3210,Colombia
1937,40.3,3380,Colombia
1938,41.3,3490,Colombia
1939,42.3,3480,Colombia
1940,43.3,3440,Colombia
1941,44.4,3360,Colombia
1942,45.4,3290,Colombia
1943,46.4,3420,Colombia
1944,47.7,3480,Colombia
1945,49,3700,Colombia
1946,50.2,3740,Colombia
1947,51.5,3760,Colombia
1948,52.8,3860,Colombia
1949,54.1,3950,Colombia
1950,54.6,3940,Colombia
1951,55.9,4060,Colombia
1952,56.4,4170,Colombia
1953,57.5,4320,Colombia
1954,57.5,4350,Colombia
1955,57.2,4380,Colombia
1956,57.9,4400,Colombia
1957,58.5,4370,Colombia
1958,58.8,4530,Colombia
1959,59.3,4580,Colombia
1960,59.5,4650,Colombia
1961,60.1,4740,Colombia
1962,60.9,4730,Colombia
1963,61.5,4870,Colombia
1964,61.6,4880,Colombia
1965,62.1,4980,Colombia
1966,62.4,5040,Colombia
1967,63.1,5190,Colombia
1968,64.4,5360,Colombia
1969,65.9,5560,Colombia
1970,65.9,5730,Colombia
1971,65.1,6010,Colombia
1972,64.9,6250,Colombia
1973,65.3,6450,Colombia
1974,66.3,6450,Colombia
1975,66.8,6600,Colombia
1976,67.8,6730,Colombia
1977,68.2,7150,Colombia
1978,68.5,7380,Colombia
1979,68.9,7500,Colombia
1980,69.2,7480,Colombia
1981,69.6,7380,Colombia
1982,69.8,7310,Colombia
1983,70.2,7390,Colombia
1984,67.2,7450,Colombia
1985,70.2,7720,Colombia
1986,70.2,7950,Colombia
1987,70.6,8100,Colombia
1988,70.8,8180,Colombia
1989,71.5,8340,Colombia
1990,71,8340,Colombia
1991,71.1,8510,Colombia
1992,71.7,8790,Colombia
1993,72.1,9130,Colombia
1994,72.5,9430,Colombia
1995,72.8,9460,Colombia
1996,73.5,9610,Colombia
1997,74,9510,Colombia
1998,74.1,8960,Colombia
1999,74.2,9070,Colombia
2000,74.4,9080,Colombia
2001,73.4,9170,Colombia
2002,75.2,9390,Colombia
2003,75.6,9750,Colombia
2004,76.5,10.1k,Colombia
2005,76.7,10.6k,Colombia
2006,77.3,11.2k,Colombia
2007,77.6,11.4k,Colombia
2008,77.5,11.4k,Colombia
2009,77.9,11.8k,Colombia
2010,78.7,12.5k,Colombia
2011,79,12.9k,Colombia
2012,79.3,13.4k,Colombia
2013,79.7,13.9k,Colombia
2014,79.7,14.1k,Colombia
2015,79.8,14.2k,Colombia
2016,80,14.2k,Colombia
2017,80.1,14.4k,Colombia
2018,80.2,14.6k,Colombia
2019,77.8,13.5k,Colombia
2020,80.5,14k,Colombia
1900,34.1,1320,Peru
1901,34,1390,Peru
1902,34,1460,Peru
1903,33.9,1490,Peru
1904,33.9,1580,Peru
1905,33.8,1690,Peru
1906,33.8,1770,Peru
1907,33.7,1780,Peru
1908,33.7,1790,Peru
1909,33.6,1800,Peru
1910,33.6,1810,Peru
1911,33.5,1860,Peru
1912,33.5,1890,Peru
1913,33.4,1860,Peru
1914,33.4,1990,Peru
1915,33.3,2170,Peru
1916,33.3,2220,Peru
1917,29.4,2210,Peru
1918,33.1,2260,Peru
1919,33.1,2250,Peru
1920,33,2310,Peru
1921,33,2470,Peru
1922,32.9,2590,Peru
1923,32.9,2790,Peru
1924,32.8,2820,Peru
1925,32.8,3060,Peru
1926,32.7,3070,Peru
1927,32.7,3220,Peru
1928,32.6,3500,Peru
1929,32.6,3050,Peru
1930,32.5,2760,Peru
1931,32.5,2610,Peru
1932,32.4,2860,Peru
1933,32.4,3190,Peru
1934,32.3,3430,Peru
1935,32.3,3540,Peru
1936,32.2,3530,Peru
1937,32.2,3530,Peru
1938,32.1,3490,Peru
1939,32.1,3500,Peru
1940,32.7,3450,Peru
1941,33.3,3310,Peru
1942,33.9,3310,Peru
1943,34.5,3530,Peru
1944,35.1,3600,Peru
1945,35.7,3680,Peru
1946,36.3,3720,Peru
1947,36.9,3780,Peru
1948,37.5,3990,Peru
1949,38.1,4230,Peru
1950,38.5,4450,Peru
1951,40.3,4560,Peru
1952,41.4,4730,Peru
1953,42.8,4740,Peru
1954,43.7,4960,Peru
1955,44.6,5040,Peru
1956,44.7,5150,Peru
1957,46,5030,Peru
1958,46.8,4920,Peru
1959,47.3,5440,Peru
1960,49,5750,Peru
1961,50.1,6000,Peru
1962,51.7,6080,Peru
1963,53.8,6310,Peru
1964,54.1,6540,Peru
1965,55,6880,Peru
1966,55.8,6950,Peru
1967,56.4,6670,Peru
1968,57.4,6640,Peru
1969,48.6,6950,Peru
1970,59.7,7050,Peru
1971,60.9,7070,Peru
1972,61.2,7220,Peru
1973,62.1,7380,Peru
1974,63.4,7740,Peru
1975,64,7630,Peru
1976,64.8,7410,Peru
1977,65.3,7210,Peru
1978,65.8,7430,Peru
1979,65.1,7560,Peru
1980,64.6,7690,Peru
1981,66,7510,Peru
1982,65.7,6350,Peru
1983,65.9,6480,Peru
1984,65.9,6450,Peru
1985,67,6930,Peru
1986,68.5,7350,Peru
1987,68.9,6590,Peru
1988,69.2,5660,Peru
1989,69.2,5250,Peru
1990,69.2,5260,Peru
1991,70,5130,Peru
1992,70.6,5300,Peru
1993,71.2,5840,Peru
1994,71.5,6150,Peru
1995,72.5,6210,Peru
1996,73,6490,Peru
1997,73.4,6350,Peru
1998,74.4,6350,Peru
1999,74.6,6420,Peru
2000,75.5,6380,Peru
2001,75.9,6650,Peru
2002,76,6860,Peru
2003,76.7,7140,Peru
2004,77.2,7520,Peru
2005,77.7,8020,Peru
2006,78.3,8630,Peru
2007,78.5,9340,Peru
2008,77.4,9370,Peru
2009,77.3,10.1k,Peru
2010,77.7,10.6k,Peru
2011,78,11.2k,Peru
2012,78.4,11.7k,Peru
2013,78.9,11.9k,Peru
2014,79.4,12.1k,Peru
2015,79.6,12.4k,Peru
2016,79.8,12.5k,Peru
2017,80,12.8k,Peru
2018,80.3,12.8k,Peru
2019,77.4,11.3k,Peru
2020,80.7,12.1k,Peru
1900,31.1,3930,Chile
1901,31,4150,Chile
1902,30.7,3890,Chile
1903,30.4,4200,Chile
1904,30.1,3990,Chile
1905,29.8,4220,Chile
1906,29.4,4380,Chile
1907,29.7,4620,Chile
1908,29.9,4650,Chile
1909,30.2,5160,Chile
1910,30.4,5150,Chile
1911,30.6,5530,Chile
1912,30.7,5560,Chile
1913,30.7,4680,Chile
1914,30.7,4390,Chile
1915,30.8,5290,Chile
1916,30.8,5320,Chile
1917,27,5290,Chile
1918,30.5,4430,Chile
1919,30.4,4890,Chile
1920,30.2,4290,Chile
1921,30.1,4390,Chile
1922,31.1,5190,Chile
1923,32,5500,Chile
1924,33,5640,Chile
1925,34,5410,Chile
1926,35,5230,Chile
1927,35.3,6450,Chile
1928,35.6,6530,Chile
1929,35.9,5610,Chile
1930,36.2,4490,Chile
1931,36.5,3390,Chile
1932,36.5,4160,Chile
1933,36.5,4910,Chile
1934,36.6,5190,Chile
1935,36.6,5270,Chile
1936,36.6,5850,Chile
1937,37.5,5830,Chile
1938,38.4,5870,Chile
1939,39.3,5950,Chile
1940,40.1,5860,Chile
1941,41,5940,Chile
1942,41.7,5990,Chile
1943,42.4,5990,Chile
1944,43.1,6390,Chile
1945,43.8,6810,Chile
1946,44.4,5970,Chile
1947,46.4,6830,Chile
1948,48.3,6570,Chile
1949,50.3,6760,Chile
1950,50.9,6900,Chile
1951,53.5,7190,Chile
1952,55.3,7570,Chile
1953,54.6,7170,Chile
1954,54.8,7290,Chile
1955,56.1,7230,Chile
1956,55.5,7770,Chile
1957,55.8,8000,Chile
1958,56.1,7370,Chile
1959,54.2,7800,Chile
1960,57.5,7920,Chile
1961,56.8,8050,Chile
1962,57.1,8300,Chile
1963,57.6,8240,Chile
1964,58.7,8070,Chile
1965,59.2,8740,Chile
1966,60.2,8790,Chile
1967,61,8870,Chile
1968,61.5,8970,Chile
1969,62,8930,Chile
1970,62.6,9510,Chile
1971,62.3,9180,Chile
1972,63.2,8480,Chile
1973,64.9,8370,Chile
1974,66.2,7130,Chile
1975,66.2,7230,Chile
1976,67.2,7790,Chile
1977,68.2,8260,Chile
1978,68.6,8770,Chile
1979,69.4,9290,Chile
1980,70.5,9640,Chile
1981,71,8150,Chile
1982,70.9,7750,Chile
1983,71.3,8030,Chile
1984,72,8010,Chile
1985,72.6,8260,Chile
1986,73.2,8600,Chile
1987,73.2,9020,Chile
1988,73.2,9750,Chile
1989,73.4,9880,Chile
1990,74.2,10.5k,Chile
1991,74.7,11.5k,Chile
1992,75,12k,Chile
1993,75.2,12.4k,Chile
1994,75.3,13.3k,Chile
1995,75.5,14k,Chile
1996,76,14.9k,Chile
1997,76.2,15.3k,Chile
1998,76.5,15.1k,Chile
1999,76.9,15.7k,Chile
2000,77,16k,Chile
2001,77.4,16.3k,Chile
2002,77.4,16.8k,Chile
2003,77.6,17.9k,Chile
2004,77.9,18.7k,Chile
2005,78.2,19.7k,Chile
2006,78.4,20.4k,Chile
2007,78.7,20.9k,Chile
2008,78.6,20.4k,Chile
2009,78.6,21.3k,Chile
2010,79,22.4k,Chile
2011,79.2,23.4k,Chile
2012,79.3,24.1k,Chile
2013,79.5,24.2k,Chile
2014,79.6,24.5k,Chile
2015,80,24.6k,Chile
2016,80,24.5k,Chile
2017,80.1,25.2k,Chile
2018,80.2,25.1k,Chile
2019,79.1,23.2k,Chile
2020,80.5,24.3k,Chile
1900,33.7,1290,Ecuador
1901,33.7,1320,Ecuador
1902,33.8,1340,Ecuador
1903,33.8,1370,Ecuador
1904,33.8,1400,Ecuador
1905,33.8,1420,Ecuador
1906,33.9,1450,Ecuador
1907,33.9,1490,Ecuador
1908,33.9,1540,Ecuador
1909,33.9,1590,Ecuador
1910,34,1630,Ecuador
1911,34,1680,Ecuador
1912,34,1730,Ecuador
1913,34,1770,Ecuador
1914,34.1,1800,Ecuador
1915,34.1,1820,Ecuador
1916,34.1,1840,Ecuador
1917,30.2,1860,Ecuador
1918,34.2,1890,Ecuador
1919,34.2,1930,Ecuador
1920,34.2,1950,Ecuador
1921,34.3,1970,Ecuador
1922,34.3,1990,Ecuador
1923,34.3,2010,Ecuador
1924,34.3,2030,Ecuador
1925,34.4,2050,Ecuador
1926,34.4,2110,Ecuador
1927,34.4,2180,Ecuador
1928,34.4,2240,Ecuador
1929,34.5,2270,Ecuador
1930,34.5,2220,Ecuador
1931,34.5,2170,Ecuador
1932,34.5,2170,Ecuador
1933,34.6,2170,Ecuador
1934,34.6,2170,Ecuador
1935,34.6,2190,Ecuador
1936,34.6,2220,Ecuador
1937,34.7,2240,Ecuador
1938,34.7,2260,Ecuador
1939,36.1,2360,Ecuador
1940,37.5,2320,Ecuador
1941,38.9,2370,Ecuador
1942,40.3,2600,Ecuador
1943,41.8,2570,Ecuador
1944,43.2,2510,Ecuador
1945,44.6,2740,Ecuador
1946,46,2960,Ecuador
1947,47.4,3270,Ecuador
1948,48.9,3240,Ecuador
1949,50.3,3420,Ecuador
1950,50.9,3360,Ecuador
1951,51.6,3680,Ecuador
1952,52.3,3660,Ecuador
1953,53.4,3860,Ecuador
1954,53.9,3850,Ecuador
1955,54.5,3890,Ecuador
1956,54.7,3950,Ecuador
1957,54.9,3960,Ecuador
1958,55.9,4050,Ecuador
1959,56.1,4200,Ecuador
1960,57.2,4200,Ecuador
1961,57.7,4320,Ecuador
1962,58.2,4320,Ecuador
1963,59.3,4510,Ecuador
1964,59.8,4830,Ecuador
1965,60,4840,Ecuador
1966,60.4,4970,Ecuador
1967,60.9,5110,Ecuador
1968,60.8,5260,Ecuador
1969,61.4,5490,Ecuador
1970,62,5670,Ecuador
1971,62.2,5870,Ecuador
1972,62.5,6450,Ecuador
1973,63.2,6660,Ecuador
1974,64.1,6850,Ecuador
1975,64.8,7330,Ecuador
1976,65.7,7620,Ecuador
1977,66,7960,Ecuador
1978,66.7,8190,Ecuador
1979,67,8370,Ecuador
1980,67.9,8520,Ecuador
1981,68.4,8420,Ecuador
1982,68.3,8070,Ecuador
1983,69.1,8220,Ecuador
1984,69.9,8380,Ecuador
1985,70.4,8440,Ecuador
1986,69.1,7750,Ecuador
1987,70.8,8400,Ecuador
1988,71.5,8240,Ecuador
1989,72,8290,Ecuador
1990,71.5,8450,Ecuador
1991,72.1,8430,Ecuador
1992,72.5,8410,Ecuador
1993,73.2,8570,Ecuador
1994,73.6,8580,Ecuador
1995,73.5,8540,Ecuador
1996,74.2,8720,Ecuador
1997,74.1,8830,Ecuador
1998,74.2,8240,Ecuador
1999,74.5,8180,Ecuador
2000,75,8350,Ecuador
2001,74.1,8540,Ecuador
2002,73.9,8630,Ecuador
2003,73.9,9180,Ecuador
2004,73.6,9500,Ecuador
2005,73.6,9760,Ecuador
2006,73.7,9810,Ecuador
2007,73.8,10.3k,Ecuador
2008,74.1,10.1k,Ecuador
2009,74.3,10.3k,Ecuador
2010,74.9,11k,Ecuador
2011,74.9,11.4k,Ecuador
2012,75.2,11.8k,Ecuador
2013,75.6,12.1k,Ecuador
2014,75.9,11.9k,Ecuador
2015,75.9,11.6k,Ecuador
2016,76,11.6k,Ecuador
2017,76.2,11.6k,Ecuador
2018,76.4,11.4k,Ecuador
2019,73.9,10.4k,Ecuador
2020,76.8,10.5k,Ecuador
1900,33.3,2040,Venezuela
1901,33.3,1900,Venezuela
1902,33.3,2040,Venezuela
1903,33.4,2060,Venezuela
1904,33.4,2080,Venezuela
1905,33.5,2060,Venezuela
1906,33.5,1990,Venezuela
1907,33.5,1950,Venezuela
1908,33.5,1950,Venezuela
1909,33.6,1930,Venezuela
1910,33.6,1840,Venezuela
1911,33.7,1970,Venezuela
1912,33.7,2010,Venezuela
1913,33.7,2320,Venezuela
1914,33.8,2320,Venezuela
1915,33.8,2170,Venezuela
1916,33.8,2260,Venezuela
1917,30.6,2350,Venezuela
1918,33.9,2260,Venezuela
1919,33.9,2190,Venezuela
1920,34,2120,Venezuela
1921,34,2300,Venezuela
1922,34,2410,Venezuela
1923,34.1,2500,Venezuela
1924,34.1,2630,Venezuela
1925,34.1,2790,Venezuela
1926,34.4,2830,Venezuela
1927,34.6,3300,Venezuela
1928,34.8,3380,Venezuela
1929,35,3360,Venezuela
1930,35.2,3340,Venezuela
1931,35.4,3030,Venezuela
1932,35.6,3360,Venezuela
1933,35.9,3490,Venezuela
1934,36.1,4160,Venezuela
1935,36.3,4490,Venezuela
1936,37.6,4470,Venezuela
1937,39,4930,Venezuela
1938,40.3,5220,Venezuela
1939,41.6,5490,Venezuela
1940,43,5330,Venezuela
1941,44.7,4600,Venezuela
1942,46.4,5090,Venezuela
1943,48.2,5490,Venezuela
1944,49.9,6680,Venezuela
1945,51.7,7650,Venezuela
1946,53.4,7480,Venezuela
1947,55.2,8870,Venezuela
1948,56.9,9000,Venezuela
1949,58.7,9730,Venezuela
1950,59,10.4k,Venezuela
1951,59.5,10.7k,Venezuela
1952,61.3,10.9k,Venezuela
1953,61,11.5k,Venezuela
1954,61.2,12.1k,Venezuela
1955,61.6,12.8k,Venezuela
1956,61.4,13.7k,Venezuela
1957,62.5,13.4k,Venezuela
1958,63.9,13.9k,Venezuela
1959,65.2,13.9k,Venezuela
1960,65.8,14.1k,Venezuela
1961,66.1,14.8k,Venezuela
1962,65.7,15.2k,Venezuela
1963,65.5,16.1k,Venezuela
1964,66,16.5k,Venezuela
1965,66.3,16.3k,Venezuela
1966,66.5,16.4k,Venezuela
1967,66.5,16.7k,Venezuela
1968,66,16.9k,Venezuela
1969,66.5,17.6k,Venezuela
1970,66.6,17.5k,Venezuela
1971,66.4,17.4k,Venezuela
1972,66.3,17.9k,Venezuela
1973,67.3,18.3k,Venezuela
1974,67.6,18.8k,Venezuela
1975,67.8,19.8k,Venezuela
1976,68.7,20.4k,Venezuela
1977,69.4,20.1k,Venezuela
1978,69.7,19.7k,Venezuela
1979,69.7,18.7k,Venezuela
1980,69.7,18.1k,Venezuela
1981,70.3,17.7k,Venezuela
1982,71.1,16.3k,Venezuela
1983,71.3,15.6k,Venezuela
1984,71.6,15.3k,Venezuela
1985,72.2,15.8k,Venezuela
1986,72.1,15.9k,Venezuela
1987,72.5,16.5k,Venezuela
1988,72.4,14.7k,Venezuela
1989,72.4,15.2k,Venezuela
1990,72.9,16.4k,Venezuela
1991,72.9,17.1k,Venezuela
1992,72.8,16.9k,Venezuela
1993,72.3,16.3k,Venezuela
1994,72.6,16.6k,Venezuela
1995,73.3,16.3k,Venezuela
1996,74.1,17.1k,Venezuela
1997,74,17k,Venezuela
1998,70.3,15.7k,Venezuela
1999,74.2,16.1k,Venezuela
2000,74.1,16.4k,Venezuela
2001,74,14.8k,Venezuela
2002,73.5,13.5k,Venezuela
2003,74.6,15.8k,Venezuela
2004,75,17.2k,Venezuela
2005,74.8,18.7k,Venezuela
2006,74.6,20k,Venezuela
2007,74.4,20.7k,Venezuela
2008,74.6,19.8k,Venezuela
2009,75.3,19.7k,Venezuela
2010,75.4,20.4k,Venezuela
2011,75.2,21.3k,Venezuela
2012,75.5,24.6k,Venezuela
2013,75.6,23.4k,Venezuela
2014,75.7,21.6k,Venezuela
2015,75.6,17.5k,Venezuela
2016,75.5,14.8k,Venezuela
2017,75.4,12.3k,Venezuela
2018,75,8320,Venezuela
2019,75.1,5800,Venezuela
2020,75.1,5290,Venezuela
1900,31.9,1740,Bolivia
1901,31.9,1680,Bolivia
1902,31.8,1680,Bolivia
1903,31.8,1680,Bolivia
1904,31.8,1740,Bolivia
1905,31.7,1800,Bolivia
1906,31.7,1800,Bolivia
1907,31.6,1860,Bolivia
1908,31.6,1900,Bolivia
1909,31.6,1970,Bolivia
1910,31.6,2010,Bolivia
1911,31.5,2060,Bolivia
1912,31.5,2140,Bolivia
1913,31.4,2040,Bolivia
1914,31.4,2070,Bolivia
1915,31.4,2120,Bolivia
1916,31.3,2250,Bolivia
1917,27.7,2260,Bolivia
1918,31.3,2250,Bolivia
1919,31.2,2220,Bolivia
1920,31.2,2130,Bolivia
1921,31.2,2300,Bolivia
1922,31.1,2310,Bolivia
1923,31.1,2390,Bolivia
1924,31.1,2470,Bolivia
1925,31,2480,Bolivia
1926,31,2630,Bolivia
1927,30.9,2710,Bolivia
1928,30.9,2790,Bolivia
1929,30.9,2620,Bolivia
1930,30.8,2350,Bolivia
1931,30.8,2160,Bolivia
1932,30.8,2250,Bolivia
1933,30.7,2410,Bolivia
1934,30.7,2500,Bolivia
1935,30.7,2570,Bolivia
1936,30.6,2740,Bolivia
1937,30.6,2800,Bolivia
1938,30.6,2860,Bolivia
1939,30.5,3070,Bolivia
1940,31.1,3250,Bolivia
1941,31.7,3290,Bolivia
1942,32.3,3360,Bolivia
1943,32.9,3320,Bolivia
1944,33.5,3410,Bolivia
1945,34.1,3330,Bolivia
1946,34.7,3220,Bolivia
1947,35.3,3440,Bolivia
1948,35.8,3550,Bolivia
1949,36.4,3460,Bolivia
1950,37.1,3690,Bolivia
1951,37.2,3720,Bolivia
1952,38.7,3300,Bolivia
1953,39.6,3300,Bolivia
1954,40.5,3400,Bolivia
1955,41.2,3130,Bolivia
1956,41.8,2960,Bolivia
1957,42.3,2960,Bolivia
1958,42.6,2890,Bolivia
1959,43,2940,Bolivia
1960,43.3,2950,Bolivia
1961,43.9,3060,Bolivia
1962,44.8,3200,Bolivia
1963,45.5,3290,Bolivia
1964,46.2,3390,Bolivia
1965,47,3560,Bolivia
1966,47.9,3710,Bolivia
1967,48.6,3950,Bolivia
1968,49.4,4050,Bolivia
1969,50.1,4180,Bolivia
1970,50.8,4250,Bolivia
1971,51.4,4370,Bolivia
1972,52.2,4580,Bolivia
1973,52.9,4720,Bolivia
1974,53.7,4930,Bolivia
1975,54.3,5210,Bolivia
1976,54.9,5320,Bolivia
1977,55.4,5390,Bolivia
1978,56.1,5290,Bolivia
1979,56.8,5150,Bolivia
1980,57.3,5120,Bolivia
1981,57.6,4840,Bolivia
1982,57.8,4560,Bolivia
1983,58.5,4550,Bolivia
1984,59.1,4460,Bolivia
1985,59.7,4260,Bolivia
1986,60.1,4310,Bolivia
1987,60.5,4400,Bolivia
1988,61.1,4450,Bolivia
1989,61.7,4590,Bolivia
1990,62,4730,Bolivia
1991,62.5,4710,Bolivia
1992,62.9,4810,Bolivia
1993,63.6,4930,Bolivia
1994,64,5050,Bolivia
1995,64.6,5160,Bolivia
1996,65,5310,Bolivia
1997,65.5,5470,Bolivia
1998,66,5390,Bolivia
1999,66.5,5420,Bolivia
2000,67.2,5400,Bolivia
2001,67.6,5430,Bolivia
2002,68.1,5480,Bolivia
2003,68.6,5610,Bolivia
2004,69,5750,Bolivia
2005,69.3,5920,Bolivia
2006,69.6,6090,Bolivia
2007,69.8,6350,Bolivia
2008,70.1,6460,Bolivia
2009,70.3,6610,Bolivia
2010,70.5,6850,Bolivia
2011,70.7,7080,Bolivia
2012,70.9,7440,Bolivia
2013,71.1,7730,Bolivia
2014,71.3,7980,Bolivia
2015,71.5,8200,Bolivia
2016,71.7,8420,Bolivia
2017,71.8,8660,Bolivia
2018,72,8720,Bolivia
2019,69.8,7940,Bolivia
2020,72.5,8250,Bolivia
1900,32.8,4060,Uruguay
1901,32.8,4620,Uruguay
1902,32.8,4620,Uruguay
1903,32.8,4620,Uruguay
1904,32.8,3900,Uruguay
1905,32.8,4400,Uruguay
1906,32.7,4670,Uruguay
1907,32.7,5010,Uruguay
1908,32.7,5010,Uruguay
1909,32.7,5180,Uruguay
1910,32.7,5180,Uruguay
1911,32.7,5950,Uruguay
1912,32.7,5560,Uruguay
1913,32.7,4340,Uruguay
1914,32.7,4060,Uruguay
1915,32.7,3950,Uruguay
1916,32.7,4510,Uruguay
1917,30.4,4510,Uruguay
1918,32.7,5290,Uruguay
1919,32.7,4120,Uruguay
1920,32.7,4060,Uruguay
1921,32.7,4450,Uruguay
1922,32.7,4730,Uruguay
1923,32.7,4900,Uruguay
1924,32.7,4840,Uruguay
1925,34,5230,Uruguay
1926,35.3,5840,Uruguay
1927,36.6,5950,Uruguay
1928,37.9,5900,Uruguay
1929,39.2,6840,Uruguay
1930,40.5,5560,Uruguay
1931,41.8,5120,Uruguay
1932,43.1,4730,Uruguay
1933,44.4,5400,Uruguay
1934,45.7,5510,Uruguay
1935,47,5510,Uruguay
1936,48.3,5680,Uruguay
1937,49.6,6070,Uruguay
1938,50.9,6120,Uruguay
1939,52.2,5730,Uruguay
1940,53.5,6010,Uruguay
1941,54.8,5560,Uruguay
1942,56,5400,Uruguay
1943,57.4,6120,Uruguay
1944,58.6,6230,Uruguay
1945,59.9,6790,Uruguay
1946,61.2,6620,Uruguay
1947,62.5,6730,Uruguay
1948,63.8,7510,Uruguay
1949,65.1,8070,Uruguay
1950,65.9,8680,Uruguay
1951,66.6,8460,Uruguay
1952,67.2,9240,Uruguay
1953,67.4,9520,Uruguay
1954,67.5,9400,Uruguay
1955,68.2,9460,Uruguay
1956,67.8,9400,Uruguay
1957,68.1,8960,Uruguay
1958,67.5,8570,Uruguay
1959,68.3,8790,Uruguay
1960,69,8860,Uruguay
1961,69,8540,Uruguay
1962,68.8,8450,Uruguay
1963,68.7,8460,Uruguay
1964,68.4,8420,Uruguay
1965,68.7,8600,Uruguay
1966,68,8120,Uruguay
1967,67.8,8140,Uruguay
1968,67.9,8520,Uruguay
1969,68.5,8800,Uruguay
1970,68.5,8650,Uruguay
1971,68.3,8290,Uruguay
1972,68.7,8510,Uruguay
1973,68.9,8780,Uruguay
1974,69.3,9150,Uruguay
1975,69.4,9410,Uruguay
1976,69.5,9460,Uruguay
1977,70.1,9970,Uruguay
1978,70.5,10.4k,Uruguay
1979,70.6,11k,Uruguay
1980,71.3,11k,Uruguay
1981,72,9860,Uruguay
1982,72,9170,Uruguay
1983,71.8,8970,Uruguay
1984,72.3,9020,Uruguay
1985,72.4,9700,Uruguay
1986,72.5,10.3k,Uruguay
1987,72.7,10.2k,Uruguay
1988,73,10.2k,Uruguay
1989,73.2,10.2k,Uruguay
1990,73.4,10.4k,Uruguay
1991,73.5,11.2k,Uruguay
1992,73.3,11.4k,Uruguay
1993,73.6,12.1k,Uruguay
1994,73.7,11.9k,Uruguay
1995,73.9,12.5k,Uruguay
1996,74.1,13.4k,Uruguay
1997,74.1,13.9k,Uruguay
1998,74.4,13.6k,Uruguay
1999,74.8,13.3k,Uruguay
2000,75,12.8k,Uruguay
2001,75,11.8k,Uruguay
2002,75,11.9k,Uruguay
2003,75.2,12.5k,Uruguay
2004,75.5,13.4k,Uruguay
2005,75.9,13.9k,Uruguay
2006,75.7,14.8k,Uruguay
2007,76.2,15.9k,Uruguay
2008,76.5,16.5k,Uruguay
2009,76.5,17.7k,Uruguay
2010,76.4,18.6k,Uruguay
2011,76.5,19.2k,Uruguay
2012,76.8,20k,Uruguay
2013,77.1,20.6k,Uruguay
2014,77.1,20.6k,Uruguay
2015,77.3,20.9k,Uruguay
2016,77.3,21.3k,Uruguay
2017,77.5,21.6k,Uruguay
2018,77.5,21.6k,Uruguay
2019,77.3,20.3k,Uruguay
2020,77.8,20.8k,Uruguay
1900,30,2350,Guyana
1901,30,2370,Guyana
1902,30,2380,Guyana
1903,29.9,2400,Guyana
1904,29.9,2410,Guyana
1905,29.9,2430,Guyana
1906,29.8,2450,Guyana
1907,29.8,2460,Guyana
1908,29.8,2480,Guyana
1909,29.7,2500,Guyana
1910,29.7,2510,Guyana
1911,30,2530,Guyana
1912,30.3,2550,Guyana
1913,30.6,2590,Guyana
1914,30.9,2620,Guyana
1915,31.2,2660,Guyana
1916,31.5,2700,Guyana
1917,27.8,2740,Guyana
1918,32,2790,Guyana
1919,32.3,2830,Guyana
1920,32.6,2870,Guyana
1921,33.3,2920,Guyana
1922,34,2970,Guyana
1923,34.6,3010,Guyana
1924,35.3,3060,Guyana
1925,36,3110,Guyana
1926,36.6,3160,Guyana
1927,37.3,3210,Guyana
1928,38,3260,Guyana
1929,38.6,3310,Guyana
1930,39.3,3370,Guyana
1931,40,3420,Guyana
1932,40.6,3480,Guyana
1933,41.3,3530,Guyana
1934,42,3590,Guyana
1935,42.6,3640,Guyana
1936,43.3,3700,Guyana
1937,44,3760,Guyana
1938,44.6,3820,Guyana
1939,45.3,3880,Guyana
1940,46,3940,Guyana
1941,46.6,4010,Guyana
1942,47.3,4070,Guyana
1943,47.9,4130,Guyana
1944,48.6,4200,Guyana
1945,49.2,4270,Guyana
1946,49.9,4330,Guyana
1947,50.5,4400,Guyana
1948,51.2,4470,Guyana
1949,51.8,4540,Guyana
1950,52.6,4420,Guyana
1951,53,4310,Guyana
1952,53.4,4190,Guyana
1953,54.2,4080,Guyana
1954,55,3970,Guyana
1955,56,3870,Guyana
1956,56.7,3760,Guyana
1957,57.5,3660,Guyana
1958,58.1,3570,Guyana
1959,58.9,3470,Guyana
1960,59.4,3590,Guyana
1961,59.5,3590,Guyana
1962,59.7,3110,Guyana
1963,60,3430,Guyana
1964,60.3,3760,Guyana
1965,60.5,3920,Guyana
1966,60.8,4050,Guyana
1967,61.1,4060,Guyana
1968,61.3,4330,Guyana
1969,61.7,4500,Guyana
1970,61.5,4650,Guyana
1971,61.4,4580,Guyana
1972,61.2,4690,Guyana
1973,61,5040,Guyana
1974,61.2,5600,Guyana
1975,61.7,5790,Guyana
1976,61.7,5660,Guyana
1977,59.6,5590,Guyana
1978,62,5520,Guyana
1979,62.4,5680,Guyana
1980,62.5,5830,Guyana
1981,62.7,5140,Guyana
1982,62.7,4870,Guyana
1983,62.1,4720,Guyana
1984,62.6,4930,Guyana
1985,62.6,4990,Guyana
1986,62.8,5150,Guyana
1987,63.1,5070,Guyana
1988,62.2,4920,Guyana
1989,62.4,4840,Guyana
1990,63,5130,Guyana
1991,63.5,5500,Guyana
1992,63.2,5900,Guyana
1993,63.4,6370,Guyana
1994,63.1,6660,Guyana
1995,63,7200,Guyana
1996,63.3,7670,Guyana
1997,63.5,7590,Guyana
1998,64.1,7850,Guyana
1999,64,7780,Guyana
2000,63.9,7970,Guyana
2001,63.9,8060,Guyana
2002,64.1,8010,Guyana
2003,64.3,8130,Guyana
2004,64.4,7970,Guyana
2005,65,8370,Guyana
2006,65.2,8970,Guyana
2007,65.3,9130,Guyana
2008,65.9,9440,Guyana
2009,65.8,9810,Guyana
2010,65.7,10.3k,Guyana
2011,65.7,10.8k,Guyana
2012,66,11.1k,Guyana
2013,66,11.2k,Guyana
2014,66.4,11.3k,Guyana
2015,66.7,11.6k,Guyana
2016,66.9,12k,Guyana
2017,67.1,12.5k,Guyana
2018,67.3,13.1k,Guyana
2019,66.8,13.6k,Guyana
2020,67.5,14.1k,Guyana
1900,33.6,3170,Suriname
1901,33.6,3190,Suriname
1902,33.6,3210,Suriname
1903,33.7,3230,Suriname
1904,33.7,3250,Suriname
1905,33.7,3280,Suriname
1906,33.7,3300,Suriname
1907,33.8,3320,Suriname
1908,33.8,3340,Suriname
1909,33.8,3360,Suriname
1910,33.8,3390,Suriname
1911,33.9,3410,Suriname
1912,33.9,3430,Suriname
1913,33.9,3480,Suriname
1914,33.9,3540,Suriname
1915,34,3590,Suriname
1916,34,3640,Suriname
1917,30.1,3700,Suriname
1918,34,3750,Suriname
1919,34,3810,Suriname
1920,34.1,3870,Suriname
1921,34.1,3940,Suriname
1922,34.1,4000,Suriname
1923,34.1,4060,Suriname
1924,34.1,4130,Suriname
1925,35.1,4200,Suriname
1926,36,4270,Suriname
1927,36.9,4340,Suriname
1928,37.9,4410,Suriname
1929,38.8,4480,Suriname
1930,39.7,4550,Suriname
1931,40.7,4620,Suriname
1932,41.6,4700,Suriname
1933,42.5,4770,Suriname
1934,43.5,4850,Suriname
1935,44.4,4930,Suriname
1936,45.4,5010,Suriname
1937,46.3,5090,Suriname
1938,47.2,5170,Suriname
1939,48.2,5260,Suriname
1940,49.1,5310,Suriname
1941,50.1,5350,Suriname
1942,51,5400,Suriname
1943,52,5450,Suriname
1944,52.9,5500,Suriname
1945,53.9,5550,Suriname
1946,54.8,5600,Suriname
1947,55.8,5650,Suriname
1948,56.7,5700,Suriname
1949,57.7,5760,Suriname
1950,58.5,5850,Suriname
1951,59.2,5940,Suriname
1952,59.5,6030,Suriname
1953,60.5,6130,Suriname
1954,61.1,6230,Suriname
1955,61.4,6320,Suriname
1956,61.6,6420,Suriname
1957,62,6520,Suriname
1958,62.5,6630,Suriname
1959,63,6730,Suriname
1960,63.3,6910,Suriname
1961,63.6,7090,Suriname
1962,64,7280,Suriname
1963,64.6,7480,Suriname
1964,64.8,7670,Suriname
1965,65.2,7880,Suriname
1966,65.2,8080,Suriname
1967,65.5,8290,Suriname
1968,65.7,8510,Suriname
1969,65.8,8720,Suriname
1970,66,9300,Suriname
1971,66.5,9830,Suriname
1972,66.6,10.4k,Suriname
1973,66.4,9760,Suriname
1974,66.2,10.9k,Suriname
1975,66.3,12k,Suriname
1976,66.5,13.3k,Suriname
1977,66.5,14.1k,Suriname
1978,66.6,13.3k,Suriname
1979,66.8,12.2k,Suriname
1980,67.5,13.1k,Suriname
1981,67.9,12.6k,Suriname
1982,68.3,12.1k,Suriname
1983,68.6,11.9k,Suriname
1984,69.1,13.5k,Suriname
1985,69.4,13.1k,Suriname
1986,69.8,12k,Suriname
1987,69.7,12.8k,Suriname
1988,68.2,13.2k,Suriname
1989,68.9,12.5k,Suriname
1990,68.7,12.6k,Suriname
1991,68.5,12.4k,Suriname
1992,67.8,11.4k,Suriname
1993,68.8,11.6k,Suriname
1994,70.9,11.4k,Suriname
1995,71.4,11.4k,Suriname
1996,71.5,11.8k,Suriname
1997,70.8,12k,Suriname
1998,70.2,11.7k,Suriname
1999,69.8,11.8k,Suriname
2000,69.6,12.1k,Suriname
2001,69.5,12.3k,Suriname
2002,69.8,12.9k,Suriname
2003,70.1,13.9k,Suriname
2004,70.6,14.3k,Suriname
2005,71.2,15k,Suriname
2006,71.6,15.6k,Suriname
2007,71.7,16k,Suriname
2008,72.1,16.3k,Suriname
2009,72.3,17k,Suriname
2010,72.8,17.7k,Suriname
2011,73.1,18k,Suriname
2012,73,18.3k,Suriname
2013,72.7,18.2k,Suriname
2014,72.5,17.4k,Suriname
2015,72.4,16.2k,Suriname
2016,72.5,16.4k,Suriname
2017,72.6,16.6k,Suriname
2018,72.7,16.5k,Suriname
2019,72.4,14.1k,Suriname
2020,73,14.1k,Suriname
1900,35.2,2580,Paraguay
1901,35.1,2610,Paraguay
1902,35.1,2640,Paraguay
1903,35.1,2680,Paraguay
1904,35.1,2710,Paraguay
1905,35.1,2750,Paraguay
1906,35.1,2780,Paraguay
1907,35.1,2820,Paraguay
1908,35.1,2850,Paraguay
1909,35.1,2870,Paraguay
1910,35,2890,Paraguay
1911,35,2910,Paraguay
1912,35,2930,Paraguay
1913,35,2950,Paraguay
1914,35,2970,Paraguay
1915,35,2990,Paraguay
1916,35,3020,Paraguay
1917,30.9,3040,Paraguay
1918,35,3060,Paraguay
1919,35,3080,Paraguay
1920,34.9,3100,Paraguay
1921,34.9,3110,Paraguay
1922,34.9,3130,Paraguay
1923,34.9,3150,Paraguay
1924,34.9,3170,Paraguay
1925,34.9,3190,Paraguay
1926,34.9,3200,Paraguay
1927,34.9,3220,Paraguay
1928,34.9,3240,Paraguay
1929,34.8,3250,Paraguay
1930,34.8,3250,Paraguay
1931,34.8,3260,Paraguay
1932,36.3,3260,Paraguay
1933,37.8,3270,Paraguay
1934,39.2,3270,Paraguay
1935,40.7,3280,Paraguay
1936,42.2,3280,Paraguay
1937,43.6,3280,Paraguay
1938,45.1,3290,Paraguay
1939,46.6,3040,Paraguay
1940,48,3020,Paraguay
1941,49.5,3120,Paraguay
1942,50.9,3120,Paraguay
1943,52.4,3110,Paraguay
1944,53.9,2930,Paraguay
1945,55.3,3150,Paraguay
1946,56.8,2680,Paraguay
1947,58.2,2650,Paraguay
1948,59.7,3020,Paraguay
1949,61.1,2750,Paraguay
1950,62.2,2730,Paraguay
1951,65,2610,Paraguay
1952,68.3,2620,Paraguay
1953,68.5,2590,Paraguay
1954,67.2,2640,Paraguay
1955,68.5,2690,Paraguay
1956,68.3,2740,Paraguay
1957,68,2820,Paraguay
1958,67.8,2740,Paraguay
1959,69.1,2700,Paraguay
1960,69.8,2790,Paraguay
1961,69.9,2950,Paraguay
1962,70.2,3000,Paraguay
1963,70.4,3090,Paraguay
1964,70.5,3220,Paraguay
1965,70.4,3220,Paraguay
1966,70.5,3370,Paraguay
1967,70.6,3440,Paraguay
1968,70.7,3530,Paraguay
1969,70.8,3690,Paraguay
1970,71,3840,Paraguay
1971,70.9,4040,Paraguay
1972,70.8,4270,Paraguay
1973,70.9,4550,Paraguay
1974,71.4,4800,Paraguay
1975,71.6,5080,Paraguay
1976,72.3,5590,Paraguay
1977,72.4,6160,Paraguay
1978,72.8,6800,Paraguay
1979,73.1,7480,Paraguay
1980,73.8,8020,Paraguay
1981,74.2,7820,Paraguay
1982,73.9,7460,Paraguay
1983,74.1,7550,Paraguay
1984,74.5,7700,Paraguay
1985,75.3,7560,Paraguay
1986,75.5,7740,Paraguay
1987,75.5,8080,Paraguay
1988,75.6,8380,Paraguay
1989,75.8,8470,Paraguay
1990,76.5,8550,Paraguay
1991,76,8470,Paraguay
1992,75.8,8680,Paraguay
1993,75.7,8920,Paraguay
1994,75.4,9310,Paraguay
1995,75.1,9240,Paraguay
1996,75.5,9420,Paraguay
1997,75.6,9230,Paraguay
1998,75.5,8910,Paraguay
1999,75.6,8530,Paraguay
2000,76,8290,Paraguay
2001,76.1,8140,Paraguay
2002,75.8,8340,Paraguay
2003,75.2,8530,Paraguay
2004,75.6,8570,Paraguay
2005,75.6,8850,Paraguay
2006,76,9190,Paraguay
2007,76,9640,Paraguay
2008,75.8,9490,Paraguay
2009,75.7,10.4k,Paraguay
2010,76,10.7k,Paraguay
2011,76.2,10.5k,Paraguay
2012,76,11.2k,Paraguay
2013,76.4,11.6k,Paraguay
2014,76.5,11.8k,Paraguay
2015,76.1,12.2k,Paraguay
2016,76.3,12.6k,Paraguay
2017,76.5,12.8k,Paraguay
2018,76.6,12.7k,Paraguay
2019,75.7,12.4k,Paraguay
2020,76.8,12.7k,Paraguay
1900,38.9,2140,Trinidad and Tobago
1901,38.9,2150,Trinidad and Tobago
1902,38.9,2160,Trinidad and Tobago
1903,38.9,2180,Trinidad and Tobago
1904,38.9,2190,Trinidad and Tobago
1905,38.9,2200,Trinidad and Tobago
1906,39,2210,Trinidad and Tobago
1907,39,2220,Trinidad and Tobago
1908,39,2240,Trinidad and Tobago
1909,39,2250,Trinidad and Tobago
1910,39,2260,Trinidad and Tobago
1911,39,2270,Trinidad and Tobago
1912,39,2280,Trinidad and Tobago
1913,39,2330,Trinidad and Tobago
1914,39,2390,Trinidad and Tobago
1915,39,2440,Trinidad and Tobago
1916,39,2490,Trinidad and Tobago
1917,25.3,2550,Trinidad and Tobago
1918,39,2600,Trinidad and Tobago
1919,39,2660,Trinidad and Tobago
1920,39,2760,Trinidad and Tobago
1921,39.7,2860,Trinidad and Tobago
1922,40.4,2960,Trinidad and Tobago
1923,41.1,3070,Trinidad and Tobago
1924,41.8,3180,Trinidad and Tobago
1925,42.5,3290,Trinidad and Tobago
1926,43.2,3400,Trinidad and Tobago
1927,43.9,3520,Trinidad and Tobago
1928,44.6,3650,Trinidad and Tobago
1929,45.3,3780,Trinidad and Tobago
1930,46,3910,Trinidad and Tobago
1931,46.6,4040,Trinidad and Tobago
1932,47.2,4180,Trinidad and Tobago
1933,47.8,4320,Trinidad and Tobago
1934,48.4,4470,Trinidad and Tobago
1935,49,4630,Trinidad and Tobago
1936,49.6,4780,Trinidad and Tobago
1937,50.2,4940,Trinidad and Tobago
1938,50.8,5110,Trinidad and Tobago
1939,51.4,5280,Trinidad and Tobago
1940,51.9,5420,Trinidad and Tobago
1941,52.5,5550,Trinidad and Tobago
1942,53.1,5690,Trinidad and Tobago
1943,53.7,5830,Trinidad and Tobago
1944,54.3,5980,Trinidad and Tobago
1945,54.9,6120,Trinidad and Tobago
1946,55.5,6270,Trinidad and Tobago
1947,56.1,6420,Trinidad and Tobago
1948,56.8,6580,Trinidad and Tobago
1949,57.4,6740,Trinidad and Tobago
1950,57.6,7140,Trinidad and Tobago
1951,58.6,7230,Trinidad and Tobago
1952,59.9,7250,Trinidad and Tobago
1953,60.9,7180,Trinidad and Tobago
1954,60.9,7910,Trinidad and Tobago
1955,62,9280,Trinidad and Tobago
1956,62,9800,Trinidad and Tobago
1957,62.7,10.3k,Trinidad and Tobago
1958,62.8,10.5k,Trinidad and Tobago
1959,64.3,11.5k,Trinidad and Tobago
1960,64.3,11.5k,Trinidad and Tobago
1961,64.8,11.6k,Trinidad and Tobago
1962,65,11.8k,Trinidad and Tobago
1963,64.9,11.8k,Trinidad and Tobago
1964,65.1,12.1k,Trinidad and Tobago
1965,65.8,12.3k,Trinidad and Tobago
1966,65.6,12.2k,Trinidad and Tobago
1967,65.5,12.7k,Trinidad and Tobago
1968,65.3,12.8k,Trinidad and Tobago
1969,65.3,13.2k,Trinidad and Tobago
1970,65.5,13.1k,Trinidad and Tobago
1971,65.5,13.4k,Trinidad and Tobago
1972,65.3,13.3k,Trinidad and Tobago
1973,66.6,13.7k,Trinidad and Tobago
1974,66.8,13.6k,Trinidad and Tobago
1975,66.2,14.4k,Trinidad and Tobago
1976,66.5,14.8k,Trinidad and Tobago
1977,67.8,16k,Trinidad and Tobago
1978,67.8,16.2k,Trinidad and Tobago
1979,67.6,17k,Trinidad and Tobago
1980,68.3,17.2k,Trinidad and Tobago
1981,67.7,15.6k,Trinidad and Tobago
1982,68.5,13.9k,Trinidad and Tobago
1983,68.2,14.2k,Trinidad and Tobago
1984,68.3,13.1k,Trinidad and Tobago
1985,69,12.3k,Trinidad and Tobago
1986,68.9,11.3k,Trinidad and Tobago
1987,69,10.6k,Trinidad and Tobago
1988,69.1,10.2k,Trinidad and Tobago
1989,69.6,10.1k,Trinidad and Tobago
1990,69.9,10.3k,Trinidad and Tobago
1991,69.7,11.3k,Trinidad and Tobago
1992,69.4,11.2k,Trinidad and Tobago
1993,69.2,11.5k,Trinidad and Tobago
1994,69.8,11.9k,Trinidad and Tobago
1995,69.5,12.7k,Trinidad and Tobago
1996,70.2,13.7k,Trinidad and Tobago
1997,69.9,14.7k,Trinidad and Tobago
1998,69.8,15.9k,Trinidad and Tobago
1999,70.5,17k,Trinidad and Tobago
2000,70.6,17.6k,Trinidad and Tobago
2001,71.2,18.9k,Trinidad and Tobago
2002,71.1,21.5k,Trinidad and Tobago
2003,71.6,23.1k,Trinidad and Tobago
2004,71.9,24.5k,Trinidad and Tobago
2005,72.5,27.6k,Trinidad and Tobago
2006,72.8,28.7k,Trinidad and Tobago
2007,72.4,29.6k,Trinidad and Tobago
2008,73.2,28.1k,Trinidad and Tobago
2009,73.7,28.9k,Trinidad and Tobago
2010,74.5,28.7k,Trinidad and Tobago
2011,75.1,28.8k,Trinidad and Tobago
2012,74.9,29.3k,Trinidad and Tobago
2013,74.9,28.8k,Trinidad and Tobago
2014,74.9,29.2k,Trinidad and Tobago
2015,74.8,27.2k,Trinidad and Tobago
2016,74.8,26.4k,Trinidad and Tobago
2017,74.8,26.3k,Trinidad and Tobago
2018,74.9,26.2k,Trinidad and Tobago
2019,74.8,24k,Trinidad and Tobago
2020,75.1,24.4k,Trinidad and Tobago
